terrain_type,population_density_km2,frequency_band_mhz,bandwidth_mhz,coverage_radius_km,inter_site_distance_km,antenna_gain_dbi,transmission_power_w,sinr_db,rsrp_dbm,rsrq_db,tower_height_m
Suburban,4174,2100,20,4.9,6.7,15.5,21,10.1,-73,-14,46
Dense Urban,31023,2600,20,0.2,0.9,19.1,10,30.0,-60,-12,21
Urban,7047,2600,20,2.4,2.9,15.7,23,15.0,-60,-8,49
Urban,8890,1900,20,0.8,1.1,17.9,21,25.0,-65,-12,25
Suburban,4499,1900,20,4.5,5.7,15.0,16,13.3,-76,-10,50
Suburban,4893,1900,20,4.9,6.7,16.3,28,10.8,-70,-10,39
Rural,298,700,10,13.5,25.5,11.9,29,7.5,-103,-30,75
Dense Urban,20276,2600,20,0.3,0.4,18.1,5,29.7,-60,-12,25
Urban,10892,2600,20,1.2,1.6,17.7,17,21.3,-65,-12,28
Dense Urban,34115,3500,60,0.4,0.7,18.0,7,29.0,-58,-12,29
Urban,9488,1900,20,1.4,1.7,15.8,24,21.9,-68,-7,39
Suburban,3532,1900,20,3.8,5.9,14.5,27,13.4,-76,-12,45
Dense Urban,17693,3500,60,0.7,0.9,19.2,15,21.1,-54,-4,31
Dense Urban,16306,3500,60,0.2,0.5,17.8,10,30.0,-65,-12,16
Suburban,1683,2100,20,4.8,6.2,15.3,23,10.4,-72,-12,44
Suburban,4878,2100,20,4.1,5.2,16.5,25,16.7,-74,-12,44
Urban,10249,1900,20,1.5,3.0,16.1,13,19.0,-68,-9,34
Suburban,4908,2100,20,5.0,6.4,16.0,30,11.4,-71,-10,50
Rural,196,700,10,16.7,24.6,13.3,30,6.8,-100,-22,82
Dense Urban,16802,3500,60,0.6,0.8,18.4,14,21.5,-52,-5,35
Rural,109,600,5,12.1,16.9,14.1,29,8.3,-108,-26,61
Suburban,3255,1900,20,4.6,6.1,16.2,18,12.6,-71,-10,40
Urban,7869,1900,20,1.8,2.3,17.3,10,18.5,-69,-7,37
Dense Urban,16218,2600,20,0.4,0.7,18.3,10,25.4,-62,-12,27
Rural,231,850,5,15.4,26.0,13.3,39,6.5,-106,-25,83
Urban,9642,2600,20,1.8,2.3,17.9,22,18.0,-63,-8,31
Dense Urban,31990,2600,20,0.8,1.0,17.8,11,20.0,-50,-6,31
Dense Urban,38093,3500,60,0.8,1.0,17.5,10,20.0,-53,-6,30
Rural,153,600,5,10.3,32.0,12.9,34,8.0,-109,-25,83
Suburban,1684,2100,20,3.9,6.3,16.0,26,16.7,-80,-15,46
Rural,235,850,5,24.7,38.3,14.0,30,2.0,-90,-18,100
Suburban,4051,2100,20,3.9,4.9,14.1,18,12.6,-70,-13,38
Suburban,2810,2100,20,4.2,5.5,14.5,28,14.0,-72,-14,41
Rural,50,850,5,12.3,28.6,13.5,32,8.8,-106,-24,69
Urban,5580,2600,20,2.0,2.4,16.9,12,20.3,-64,-8,39
Suburban,1550,2100,20,2.5,4.7,15.0,24,19.5,-82,-12,31
Rural,65,850,5,24.1,38.5,13.2,30,4.3,-92,-19,100
Suburban,3738,1900,20,4.8,6.2,16.4,24,10.0,-73,-11,41
Rural,292,700,10,19.6,24.7,12.1,34,6.5,-97,-22,82
Suburban,1825,1900,20,3.0,6.8,14.1,23,18.0,-65,-14,29
Suburban,3239,1900,20,5.0,6.4,14.9,21,10.3,-70,-13,50
Dense Urban,35150,2600,20,0.6,0.8,17.9,5,23.4,-51,-4,31
Urban,5395,1900,20,2.3,2.8,16.3,23,19.0,-62,-9,47
Urban,12266,2600,20,1.2,2.5,17.4,16,21.9,-70,-10,42
Dense Urban,39394,3500,60,0.8,0.9,19.1,5,20.3,-51,-4,36
Urban,6540,1900,20,0.7,3.0,16.4,10,24.7,-74,-12,31
Dense Urban,18141,3500,60,0.3,0.8,18.4,15,26.6,-64,-12,17
Urban,9849,2600,20,1.6,2.7,17.4,24,20.7,-62,-9,39
Suburban,2214,2100,20,2.9,6.5,14.6,20,17.9,-85,-15,33
Urban,11190,1900,20,0.9,1.6,18.0,15,23.3,-65,-12,25
Urban,14337,2600,20,1.8,2.5,16.1,21,19.0,-70,-8,46
Urban,5924,1900,20,2.3,3.0,17.9,25,16.2,-60,-10,48
Urban,6015,1900,20,2.1,2.8,18.0,20,19.0,-68,-8,50
Rural,148,850,5,12.6,16.5,14.0,25,8.2,-101,-27,73
Suburban,4636,1900,20,4.3,5.9,14.6,23,13.1,-77,-10,50
Suburban,4419,1900,20,2.3,5.6,15.3,20,20.0,-85,-18,40
Dense Urban,30254,2600,20,0.7,0.9,19.0,11,20.0,-50,-12,26
Suburban,1446,2100,20,3.0,5.3,16.0,26,13.8,-79,-13,36
Dense Urban,31521,3500,60,0.7,0.9,17.2,9,22.3,-52,-12,26
Urban,6906,1900,20,0.8,1.2,15.9,15,24.3,-75,-14,37
Rural,145,850,5,16.8,39.5,13.1,30,5.0,-101,-25,81
Suburban,3593,1900,20,3.5,6.1,14.1,23,14.7,-71,-16,37
Suburban,1047,1900,20,2.0,6.4,14.2,17,19.1,-65,-18,25
Suburban,1473,2100,20,3.1,5.2,15.9,28,17.0,-76,-15,38
Rural,164,850,5,9.8,32.6,11.6,31,8.2,-115,-32,58
Suburban,3192,1900,20,3.8,6.2,16.0,27,13.1,-70,-12,48
Urban,11891,1900,20,1.3,2.0,17.7,25,22.4,-74,-11,35
Dense Urban,32844,3500,60,0.3,0.6,18.2,15,29.7,-61,-12,20
Urban,10560,2600,20,1.6,2.5,16.2,21,20.5,-69,-9,47
Urban,7048,2600,20,2.0,2.5,16.8,24,15.1,-60,-9,41
Urban,5009,1900,20,0.6,3.0,16.3,11,23.6,-65,-14,27
Rural,118,700,10,20.7,31.0,14.3,35,3.8,-92,-19,96
Rural,121,850,5,21.5,28.7,11.6,30,2.6,-92,-19,99
Urban,5600,1900,20,1.7,2.7,16.6,17,15.7,-68,-7,35
Suburban,3190,1900,20,2.7,6.6,15.0,28,19.8,-65,-13,26
Urban,10567,2600,20,2.1,2.8,16.8,16,18.5,-60,-9,46
Rural,245,700,10,20.1,32.0,13.6,30,3.6,-90,-22,90
Urban,7891,1900,20,1.9,2.7,17.2,13,20.4,-62,-11,39
Urban,11166,1900,20,1.1,2.4,17.8,17,22.2,-63,-11,36
Urban,8876,2600,20,1.8,2.8,16.4,18,17.7,-60,-11,40
Suburban,4476,2100,20,4.5,5.6,16.3,29,10.6,-75,-14,50
Urban,14524,1900,20,0.9,2.6,17.0,12,19.5,-69,-13,33
Suburban,4281,1900,20,4.2,5.9,14.6,26,13.1,-74,-14,44
Rural,294,600,5,14.2,30.4,13.2,36,4.9,-103,-26,77
Urban,9243,2600,20,2.2,2.8,16.0,16,16.7,-64,-9,49
Urban,13914,2600,20,0.9,1.4,15.6,23,24.7,-65,-12,25
Rural,291,700,10,17.1,29.9,12.7,30,5.2,-99,-27,79
Suburban,2901,2100,20,3.2,3.9,14.4,16,17.5,-79,-18,36
Dense Urban,25682,2600,20,0.2,0.4,19.0,7,30.0,-64,-12,21
Dense Urban,36591,3500,60,0.6,0.9,19.4,8,24.3,-58,-12,27
Dense Urban,21150,3500,60,0.3,0.5,17.1,7,30.0,-65,-12,16
Suburban,2409,1900,20,3.8,5.2,15.6,20,15.9,-77,-13,42
Suburban,4577,2100,20,4.3,5.4,15.4,25,12.6,-73,-12,43
Urban,7573,1900,20,1.6,2.6,16.1,15,22.3,-69,-7,44
Dense Urban,38365,3500,60,0.5,0.8,18.2,6,26.1,-51,-12,27
Urban,13041,2600,20,0.8,2.8,17.7,17,21.5,-65,-12,27
Rural,194,700,10,14.9,34.9,12.5,26,5.7,-101,-25,72
Suburban,1793,1900,20,3.2,4.8,14.9,15,18.3,-76,-15,37
Rural,201,700,10,10.3,25.7,11.9,39,6.6,-109,-30,58
Rural,158,850,5,13.7,34.6,11.4,33,4.6,-108,-25,81
Dense Urban,27312,2600,20,0.2,0.3,17.0,7,27.6,-63,-12,18
Suburban,3864,1900,20,4.4,6.5,15.3,26,12.2,-70,-10,48
Suburban,2750,1900,20,4.1,6.7,14.6,23,14.5,-70,-12,40
Suburban,4359,2100,20,3.8,7.0,15.4,20,15.6,-79,-13,43
Urban,10085,2600,20,2.2,2.8,17.6,10,18.6,-66,-9,50
Suburban,1130,1900,20,3.6,5.5,15.0,21,11.8,-75,-15,43
Dense Urban,30520,3500,60,0.5,0.9,18.0,7,26.6,-57,-8,32
Urban,13436,2600,20,1.8,2.9,18.0,19,17.5,-66,-7,42
Urban,8760,1900,20,1.4,2.1,17.6,11,18.7,-74,-12,39
Rural,299,600,5,21.4,27.0,12.5,32,5.1,-90,-21,97
Rural,121,600,5,19.0,33.3,12.8,34,4.1,-95,-22,92
Urban,13245,1900,20,0.9,2.1,17.0,10,21.2,-73,-11,35
Suburban,3263,1900,20,4.4,5.7,14.6,29,13.7,-73,-14,41
Dense Urban,32602,2600,20,0.7,0.8,17.8,13,21.8,-55,-8,30
Rural,121,850,5,20.3,32.1,11.3,36,5.8,-93,-21,99
Rural,89,700,10,17.2,37.4,13.6,32,7.3,-96,-22,86
Urban,14908,2600,20,0.7,2.3,16.0,14,22.7,-65,-14,29
Suburban,3403,2100,20,4.5,6.2,14.0,30,10.8,-73,-13,46
Suburban,3913,2100,20,2.0,6.2,14.3,17,20.0,-65,-18,26
Dense Urban,15571,2600,20,0.8,1.0,19.3,8,20.0,-50,-4,40
Suburban,4977,2100,20,3.0,5.7,14.1,16,15.6,-73,-18,40
Suburban,1028,1900,20,4.5,6.0,16.0,25,14.5,-74,-14,34
Suburban,1038,1900,20,4.4,6.5,14.6,16,13.1,-75,-10,46
Suburban,1868,1900,20,4.9,6.7,15.1,25,10.0,-70,-11,45
Dense Urban,34440,2600,20,0.6,0.8,18.2,15,24.0,-53,-4,34
Urban,11342,1900,20,2.1,2.7,17.8,19,17.7,-60,-10,44
Dense Urban,26536,3500,60,0.6,0.8,17.5,13,21.8,-53,-12,21
Rural,121,850,5,24.7,31.2,12.6,38,2.0,-90,-21,100
Rural,94,600,5,22.6,37.2,11.1,30,3.8,-91,-19,96
Rural,256,700,10,18.5,34.7,13.0,40,5.2,-93,-25,82
Urban,12014,2600,20,1.9,2.9,16.0,16,18.2,-63,-7,49
Dense Urban,15552,3500,60,0.8,0.9,18.6,8,20.0,-50,-4,36
Rural,203,850,5,18.9,31.8,13.6,35,7.2,-93,-23,100
Rural,292,700,10,13.6,27.5,13.6,37,9.1,-103,-21,71
Dense Urban,22057,2600,20,0.3,0.9,19.4,7,27.2,-63,-12,18
Urban,5352,1900,20,1.4,2.8,17.3,22,22.0,-67,-9,40
Dense Urban,15955,3500,60,0.5,0.8,18.5,14,27.7,-57,-12,23
Suburban,2394,2100,20,4.7,5.9,15.6,22,11.9,-72,-11,50
Suburban,1477,1900,20,3.9,5.5,15.3,19,15.4,-75,-11,38
Dense Urban,16646,3500,60,0.5,0.7,18.5,10,26.6,-61,-12,24
Urban,9356,1900,20,1.7,2.6,16.5,16,18.6,-70,-13,41
Suburban,1861,1900,20,3.3,4.7,15.5,15,18.0,-65,-12,27
Urban,7734,1900,20,1.6,2.8,17.3,17,19.9,-63,-10,37
Rural,163,700,10,9.0,26.9,14.3,37,10.0,-115,-30,55
Urban,14227,2600,20,1.3,2.3,17.2,23,21.7,-68,-11,40
Urban,11638,1900,20,1.5,2.6,15.8,25,20.2,-67,-11,35
Suburban,2014,2100,20,2.5,3.9,16.4,29,19.1,-79,-16,30
Suburban,3161,2100,20,3.9,6.7,15.4,26,13.3,-74,-12,44
Urban,8124,2600,20,1.8,2.2,17.1,11,19.9,-70,-10,42
Urban,8230,1900,20,0.7,2.2,17.4,13,24.9,-70,-11,30
Rural,132,600,5,21.9,27.9,12.9,33,2.0,-90,-18,100
Suburban,4986,2100,20,3.6,5.9,15.4,17,16.2,-72,-15,49
Urban,14218,1900,20,2.2,2.8,16.7,14,15.0,-61,-8,38
Suburban,1042,2100,20,3.6,6.3,15.8,25,15.3,-77,-14,41
Dense Urban,29113,3500,60,0.5,0.7,17.7,15,26.2,-57,-12,26
Urban,14873,2600,20,1.0,1.9,15.8,20,23.3,-65,-12,27
Urban,13636,2600,20,2.3,2.9,15.7,15,16.1,-63,-7,48
Suburban,3934,2100,20,4.5,6.8,14.6,23,12.4,-75,-10,44
Urban,11295,2600,20,1.6,2.2,16.3,17,21.4,-67,-11,40
Urban,8040,1900,20,1.7,2.2,17.3,11,16.2,-60,-10,35
Dense Urban,15987,2600,20,0.5,0.7,18.0,13,25.0,-56,-12,25
Suburban,4906,2100,20,3.3,6.1,15.7,21,14.9,-75,-17,41
Urban,14382,1900,20,0.7,1.0,17.7,12,22.1,-65,-12,25
Rural,62,600,5,22.1,35.5,11.2,40,3.5,-90,-19,100
Rural,174,700,10,13.7,32.2,14.5,26,6.4,-110,-28,73
Dense Urban,29788,2600,20,0.6,0.9,17.4,14,22.0,-55,-7,38
Urban,8719,2600,20,1.4,2.2,15.8,12,21.7,-68,-10,42
Suburban,3453,2100,20,4.4,6.8,15.5,26,13.4,-70,-13,38
Urban,5340,2600,20,2.4,2.9,16.3,13,15.4,-60,-7,50
Dense Urban,20435,2600,20,0.4,0.7,18.0,10,28.4,-61,-12,28
Rural,229,700,10,9.4,23.3,11.6,26,9.5,-110,-32,73
Suburban,2312,2100,20,3.8,4.9,16.2,28,12.0,-75,-15,38
Urban,7529,2600,20,1.5,2.4,16.1,22,20.1,-65,-14,34
Suburban,1845,2100,20,3.3,4.3,15.6,27,18.0,-65,-17,28
Rural,54,850,5,11.3,19.2,12.7,26,7.9,-108,-30,63
Dense Urban,39975,3500,60,0.6,0.8,17.6,9,24.7,-59,-5,36
Dense Urban,34686,3500,60,0.3,0.8,18.1,7,25.6,-65,-12,22
Urban,8716,2600,20,1.0,1.4,16.5,15,21.3,-65,-12,25
Urban,11356,2600,20,1.0,3.0,17.5,22,21.8,-65,-12,25
Urban,11036,2600,20,1.0,1.5,15.8,11,21.2,-65,-14,29
Suburban,2459,1900,20,3.4,6.4,16.2,23,14.2,-77,-14,34
Suburban,1241,2100,20,2.8,6.2,16.1,21,17.8,-78,-13,39
Rural,237,850,5,16.8,23.1,13.6,30,5.7,-101,-22,85
Dense Urban,39034,3500,60,0.2,0.6,18.0,8,29.0,-61,-12,18
Urban,13964,2600,20,2.2,2.7,16.6,24,15.4,-60,-10,50
Urban,14154,1900,20,1.0,1.7,15.7,18,22.6,-73,-9,40
Rural,144,700,10,10.2,21.6,14.2,31,7.8,-111,-32,67
Urban,7461,2600,20,0.7,1.3,17.7,17,23.5,-65,-12,25
Dense Urban,17196,2600,20,0.3,0.9,18.9,11,27.1,-59,-12,18
Urban,8537,2600,20,0.8,2.4,17.5,24,23.4,-65,-14,25
Urban,6724,1900,20,1.5,2.2,16.9,22,18.7,-67,-10,42
Urban,11279,2600,20,1.6,2.8,17.4,12,18.9,-62,-9,31
Urban,8967,2600,20,1.7,2.2,16.4,22,22.9,-61,-9,41
Rural,61,600,5,8.2,33.0,13.7,28,9.2,-115,-30,55
Urban,6124,2600,20,1.2,2.1,17.3,17,21.0,-71,-12,31
Rural,222,600,5,18.0,30.4,13.2,32,4.8,-98,-24,86
Suburban,3583,2100,20,3.8,6.0,14.1,17,14.0,-78,-13,37
Dense Urban,15541,3500,60,0.6,0.9,18.3,8,22.5,-53,-12,23
Rural,162,850,5,21.6,36.7,13.6,30,6.4,-94,-18,100
Rural,268,850,5,15.0,36.5,12.3,33,6.8,-101,-25,72
Rural,143,700,10,18.0,34.4,14.3,30,5.0,-94,-24,89
Rural,98,600,5,15.8,29.1,11.5,30,6.5,-100,-26,78
Rural,106,850,5,23.7,33.9,11.0,32,2.3,-90,-20,100
Dense Urban,34675,3500,60,0.3,0.5,18.9,14,29.4,-63,-12,18
Urban,7643,2600,20,2.3,2.8,16.8,10,16.2,-62,-7,43
Urban,6171,2600,20,1.6,2.9,15.6,21,21.4,-65,-9,38
Urban,8670,2600,20,0.9,1.7,16.3,14,24.7,-65,-14,25
Dense Urban,15597,2600,20,0.5,0.9,17.6,14,25.3,-53,-4,33
Urban,6517,2600,20,2.2,2.8,15.9,15,17.9,-60,-12,41
Rural,174,850,5,17.3,22.0,12.8,36,5.6,-98,-24,92
Urban,7324,2600,20,1.6,2.7,17.4,24,19.1,-65,-10,30
Suburban,3105,2100,20,4.3,5.2,14.2,28,11.0,-77,-10,41
Urban,11744,1900,20,1.3,2.7,17.9,17,19.9,-65,-13,29
Urban,10000,1900,20,0.9,2.8,16.8,21,24.0,-65,-12,27
Rural,52,850,5,12.7,39.6,11.5,25,7.3,-106,-26,72
Rural,150,700,10,18.5,23.7,14.1,36,6.8,-99,-23,90
Suburban,2012,1900,20,4.2,5.7,16.5,24,12.3,-77,-12,41
Suburban,3400,2100,20,4.2,6.8,14.2,19,12.3,-72,-11,41
Dense Urban,38928,2600,20,0.7,0.9,17.8,12,21.6,-50,-6,33
Urban,8348,2600,20,2.2,2.7,16.1,13,17.1,-61,-7,40
Rural,72,700,10,20.5,37.0,14.0,35,4.6,-95,-24,100
Suburban,1935,2100,20,2.2,3.4,16.1,26,18.4,-65,-18,28
Suburban,3190,1900,20,2.2,6.0,15.0,18,20.0,-81,-18,30
Suburban,4808,2100,20,4.0,6.0,14.3,22,12.5,-78,-14,40
Dense Urban,28970,3500,60,0.7,0.9,17.0,12,22.0,-51,-4,30
Suburban,1082,2100,20,4.7,6.7,16.0,18,11.2,-71,-10,50
Suburban,1632,2100,20,3.9,5.7,14.5,19,13.8,-78,-16,39
Rural,252,600,5,13.1,23.0,13.6,28,8.0,-107,-25,83
Dense Urban,24277,2600,20,0.4,0.7,17.7,6,28.0,-54,-12,21
Rural,221,600,5,20.5,32.7,11.1,30,8.0,-90,-25,91
Dense Urban,26851,3500,60,0.7,0.9,19.2,10,23.6,-50,-4,36
Dense Urban,33230,2600,20,0.3,0.5,19.0,7,28.5,-61,-12,24
Suburban,2792,2100,20,3.9,4.8,14.6,15,13.0,-75,-13,42
Suburban,1361,1900,20,3.4,5.5,15.6,28,18.0,-65,-14,29
Urban,10093,1900,20,0.5,1.3,15.6,21,22.3,-65,-14,25
Dense Urban,20482,3500,60,0.8,0.9,17.2,13,22.0,-50,-4,36
Rural,88,600,5,19.5,24.1,12.6,39,2.3,-96,-25,82
Urban,11132,1900,20,1.7,2.3,17.6,16,19.8,-63,-8,33
Suburban,4744,1900,20,4.0,5.0,15.5,22,13.4,-75,-13,38
Suburban,2793,1900,20,3.9,6.2,16.2,27,14.8,-74,-12,44
Urban,6628,2600,20,2.2,3.0,17.6,18,15.5,-67,-7,43
Suburban,4033,1900,20,2.4,5.2,14.9,21,18.2,-65,-18,27
Suburban,3120,1900,20,4.6,6.4,14.6,30,11.7,-71,-11,50
Rural,153,850,5,17.9,28.4,13.1,30,2.0,-95,-25,86
Urban,5006,2600,20,0.6,2.5,17.9,12,24.3,-74,-14,32
Suburban,2502,1900,20,3.2,4.8,15.7,19,16.2,-75,-11,45
Urban,6054,2600,20,0.8,2.9,16.1,17,23.5,-65,-13,28
Urban,9458,2600,20,1.3,2.1,16.3,22,20.5,-74,-11,36
Suburban,4158,2100,20,3.8,6.6,16.5,27,14.5,-79,-10,30
Urban,13556,2600,20,1.0,2.7,16.4,11,21.6,-65,-12,28
Urban,14748,2600,20,2.2,2.8,15.9,24,15.0,-62,-8,50
Suburban,3482,1900,20,5.0,6.9,15.6,23,12.2,-70,-11,50
Dense Urban,29852,2600,20,0.6,0.9,17.3,15,24.0,-54,-4,33
Urban,11538,1900,20,0.7,2.6,16.2,23,25.0,-65,-12,25
Rural,119,850,5,13.1,27.7,12.8,38,8.0,-107,-25,88
Rural,291,600,5,22.7,39.8,12.4,30,5.6,-90,-20,100
Dense Urban,30688,3500,60,0.7,0.9,19.1,12,20.0,-50,-4,33
Urban,7767,2600,20,1.5,2.6,17.3,15,20.7,-60,-8,39
Urban,8735,1900,20,0.9,2.9,15.5,12,22.5,-72,-13,30
Rural,190,600,5,22.0,37.4,14.1,30,3.7,-92,-22,100
Rural,177,700,10,8.4,20.6,12.9,38,10.0,-115,-31,55
Rural,283,700,10,8.9,14.0,12.4,39,9.1,-112,-32,55
Urban,9727,2600,20,1.0,1.2,17.0,16,20.6,-69,-12,32
Dense Urban,28364,2600,20,0.6,0.7,19.2,11,25.0,-55,-5,39
Rural,197,700,10,12.1,32.7,13.9,32,5.5,-106,-30,75
Suburban,2950,2100,20,4.6,6.7,15.8,23,13.0,-74,-11,46
Suburban,4225,2100,20,2.8,5.9,14.2,16,18.0,-65,-15,26
Rural,211,700,10,23.2,33.1,14.2,40,3.5,-90,-18,100
Suburban,4800,2100,20,4.0,5.1,14.6,25,13.4,-74,-14,46
Dense Urban,27820,3500,60,0.7,0.9,17.1,9,21.6,-59,-5,36
Rural,289,700,10,18.8,36.0,11.0,31,7.1,-97,-22,91
Urban,9424,2600,20,1.4,2.8,16.0,22,20.3,-66,-10,33
Suburban,3373,2100,20,2.2,5.6,15.2,15,20.0,-65,-18,25
Rural,167,700,10,16.8,25.5,13.9,38,5.6,-98,-23,86
Dense Urban,19493,3500,60,0.2,0.7,17.8,10,28.6,-62,-12,16
Dense Urban,19214,3500,60,0.4,0.6,17.3,15,26.9,-62,-12,16
Dense Urban,30493,2600,20,0.2,0.5,18.9,14,28.2,-63,-12,27
Suburban,3420,2100,20,3.6,6.7,15.7,30,15.0,-76,-14,45
Urban,13835,2600,20,0.6,1.3,16.1,21,24.4,-75,-11,35
Suburban,2127,1900,20,2.7,5.2,15.6,25,18.0,-65,-16,29
Suburban,1025,1900,20,4.3,6.2,14.4,19,12.4,-70,-10,39
Urban,6072,1900,20,2.3,2.8,16.7,24,15.4,-61,-7,48
Suburban,4667,2100,20,2.7,3.4,15.0,20,17.9,-85,-12,30
Urban,12557,2600,20,2.4,3.0,16.9,23,15.4,-62,-7,42
Urban,5492,1900,20,1.8,2.3,18.0,11,19.4,-66,-12,43
Rural,138,700,10,18.1,23.1,13.2,34,7.2,-99,-25,95
Rural,129,700,10,24.4,33.5,14.0,38,3.5,-90,-18,100
Dense Urban,27474,3500,60,0.5,0.8,18.2,13,25.8,-56,-12,16
Urban,8326,1900,20,0.6,2.6,15.9,16,24.9,-65,-14,25
Urban,12618,2600,20,1.8,2.3,16.2,17,16.3,-60,-7,39
Dense Urban,17451,2600,20,0.2,0.3,18.1,14,29.1,-61,-12,18
Suburban,4162,2100,20,4.0,5.3,14.5,27,14.3,-73,-11,37
Suburban,2960,1900,20,3.3,6.1,15.4,19,18.0,-65,-16,29
Urban,12470,1900,20,2.4,3.0,16.5,13,15.8,-65,-9,43
Suburban,1111,1900,20,2.1,5.4,14.9,24,20.0,-65,-15,25
Suburban,1039,1900,20,3.0,6.0,15.9,24,18.6,-79,-16,33
Urban,11771,1900,20,2.4,2.9,16.9,18,15.6,-62,-9,43
Dense Urban,20634,3500,60,0.2,0.7,19.4,10,30.0,-62,-12,16
Dense Urban,33233,3500,60,0.7,0.9,17.6,7,20.0,-53,-12,24
Rural,290,850,5,15.0,34.6,11.1,26,8.8,-101,-24,69
Rural,229,850,5,20.1,36.2,11.4,30,5.1,-96,-22,95
Suburban,4265,2100,20,2.5,3.4,16.0,29,19.7,-79,-17,32
Rural,300,600,5,11.3,22.7,12.2,28,10.0,-106,-26,55
Suburban,4920,1900,20,3.4,5.6,15.0,18,15.2,-78,-17,34
Dense Urban,34356,2600,20,0.6,0.8,18.4,9,23.4,-50,-6,34
Dense Urban,16855,3500,60,0.5,0.7,17.3,14,26.5,-55,-9,30
Urban,8093,1900,20,1.5,1.9,16.3,16,20.4,-63,-11,38
Rural,162,700,10,14.6,21.8,12.4,30,5.6,-99,-27,74
Suburban,4130,1900,20,2.9,5.0,15.7,19,16.9,-80,-14,36
Rural,264,700,10,21.3,36.9,13.1,30,2.3,-94,-20,96
Rural,267,700,10,16.8,23.7,14.4,30,6.4,-99,-24,75
Urban,8802,1900,20,1.3,1.9,16.0,18,23.0,-66,-7,37
Urban,13345,1900,20,1.7,2.2,17.8,13,18.6,-67,-7,46
Dense Urban,31193,3500,60,0.6,0.8,17.9,15,24.9,-51,-9,33
Suburban,1099,1900,20,3.8,6.7,16.4,24,12.5,-70,-16,47
Rural,286,600,5,8.3,28.3,11.9,28,10.0,-112,-32,59
Urban,10285,1900,20,1.5,2.7,16.3,13,20.3,-66,-13,35
Suburban,4676,1900,20,4.2,5.1,15.5,15,13.5,-70,-14,46
Dense Urban,25278,2600,20,0.7,0.8,19.3,5,20.4,-54,-4,34
Rural,107,600,5,19.4,24.6,14.3,34,6.0,-95,-25,91
Rural,297,700,10,14.8,29.2,11.9,35,6.9,-105,-25,74
Rural,183,850,5,17.2,25.8,12.3,30,7.7,-100,-23,89
Rural,279,700,10,16.5,30.6,11.5,39,3.3,-101,-25,82
Rural,103,850,5,12.8,32.9,11.0,33,7.0,-108,-26,63
Dense Urban,17668,2600,20,0.6,0.7,17.7,8,24.5,-55,-9,34
Suburban,1060,1900,20,2.2,6.4,16.1,28,18.0,-65,-16,26
Urban,12024,1900,20,2.3,2.8,17.6,16,15.5,-60,-7,49
Rural,264,850,5,15.0,18.3,12.0,39,7.5,-105,-25,81
Rural,200,600,5,10.8,13.0,13.5,30,10.0,-112,-32,66
Rural,175,850,5,20.5,38.2,11.4,39,3.7,-93,-18,96
Rural,255,850,5,9.0,22.9,11.8,39,10.0,-111,-31,59
Urban,8360,2600,20,2.2,2.9,16.5,19,15.0,-62,-7,45
Suburban,3977,1900,20,3.6,4.6,15.5,30,15.8,-77,-13,40
Dense Urban,36772,2600,20,0.7,0.9,18.9,11,21.6,-53,-4,30
Rural,166,850,5,19.7,27.8,11.0,36,5.7,-91,-20,91
Rural,218,850,5,10.2,20.2,12.9,37,8.5,-110,-30,67
Urban,8764,2600,20,1.3,2.7,17.8,25,20.9,-73,-9,37
Rural,165,600,5,24.7,34.3,12.8,30,3.1,-91,-19,100
Urban,10951,2600,20,0.6,1.6,16.7,13,23.9,-65,-14,29
Urban,5897,2600,20,2.2,2.8,17.1,11,18.8,-61,-7,48
Suburban,4500,2100,20,4.4,6.2,14.4,19,10.6,-70,-10,39
Urban,7942,2600,20,1.3,1.8,16.1,24,22.6,-63,-10,39
Dense Urban,35029,3500,60,0.4,0.7,18.8,12,27.2,-63,-12,23
Dense Urban,25973,3500,60,0.6,0.9,18.4,14,25.6,-57,-4,33
Urban,5383,2600,20,1.9,2.5,17.8,23,15.7,-64,-9,48
Rural,159,600,5,19.1,37.0,11.2,30,5.7,-93,-24,93
Rural,133,700,10,19.9,29.8,12.5,30,4.0,-99,-20,91
Urban,10710,1900,20,1.8,2.9,17.5,18,18.1,-63,-10,44
Suburban,2205,1900,20,2.2,3.1,16.5,25,18.0,-65,-18,25
Urban,7850,2600,20,2.3,3.0,16.5,23,15.0,-60,-7,50
Rural,273,850,5,22.2,34.9,13.0,40,2.0,-95,-21,99
Suburban,2564,1900,20,4.2,6.4,14.3,23,10.6,-72,-11,32
Rural,108,600,5,24.9,39.8,13.3,30,2.0,-90,-18,100
Dense Urban,34345,2600,20,0.6,0.8,19.4,9,23.6,-56,-5,32
Rural,231,700,10,17.4,35.2,13.8,30,4.3,-96,-20,81
Dense Urban,27380,3500,60,0.3,0.4,18.9,11,26.4,-63,-12,17
Rural,215,850,5,18.9,39.2,14.1,30,5.7,-100,-22,93
Urban,13135,2600,20,1.2,1.5,15.6,17,21.3,-69,-14,36
Dense Urban,28117,2600,20,0.3,0.8,19.2,15,29.8,-65,-12,22
Urban,12431,1900,20,2.2,2.7,16.3,16,15.0,-68,-7,47
Suburban,1924,1900,20,3.7,6.5,15.0,24,12.0,-77,-14,37
Urban,11628,2600,20,2.4,3.0,17.9,17,15.0,-60,-8,50
Suburban,4491,1900,20,2.9,6.9,14.4,18,18.0,-65,-15,28
Suburban,4446,1900,20,3.7,6.5,14.3,20,15.8,-78,-13,38
Urban,8136,1900,20,2.5,3.0,17.3,14,15.0,-63,-7,50
Suburban,4442,2100,20,4.3,6.7,14.8,29,10.8,-72,-11,42
Urban,5844,2600,20,1.8,2.6,17.2,21,18.0,-62,-12,36
Suburban,4779,1900,20,4.3,5.4,14.5,15,14.4,-73,-11,50
Dense Urban,15269,2600,20,0.4,0.9,19.3,15,25.0,-59,-12,21
Rural,205,850,5,11.1,35.3,12.0,37,10.0,-104,-26,61
Suburban,2567,1900,20,4.8,6.9,14.8,25,11.4,-70,-10,43
Suburban,2960,1900,20,2.7,6.5,14.6,20,19.7,-79,-17,31
Suburban,3547,1900,20,2.7,4.2,15.4,27,18.0,-65,-18,27
Suburban,4545,1900,20,4.7,6.3,15.2,23,13.3,-70,-10,50
Urban,8357,1900,20,2.4,2.9,17.3,11,15.0,-62,-7,49
Dense Urban,34145,3500,60,0.5,0.6,17.1,5,26.0,-59,-12,16
Suburban,4308,2100,20,4.7,5.9,16.3,26,10.3,-70,-10,44
Urban,12850,1900,20,2.0,2.5,17.2,14,15.9,-68,-9,50
Urban,10831,1900,20,1.1,2.0,16.2,14,22.4,-70,-12,33
Rural,66,700,10,19.5,28.7,14.0,31,8.0,-94,-21,90
Suburban,4747,2100,20,3.4,6.1,15.4,18,13.4,-81,-14,32
Urban,9992,2600,20,1.2,2.7,17.8,17,22.6,-69,-12,31
Urban,5183,2600,20,1.0,1.8,16.6,24,22.5,-65,-12,29
Urban,14497,2600,20,2.0,2.7,17.8,14,19.7,-64,-9,46
Urban,11305,1900,20,2.3,3.0,17.8,16,15.5,-63,-7,45
Urban,8970,2600,20,1.7,2.9,17.6,14,21.6,-65,-9,30
Dense Urban,15249,3500,60,0.6,0.8,17.4,13,21.5,-59,-12,27
Urban,9059,1900,20,1.6,2.6,17.7,11,19.6,-64,-10,37
Rural,241,600,5,9.7,14.1,12.3,35,8.2,-111,-29,71
Suburban,1843,1900,20,2.5,5.3,14.7,27,16.0,-83,-18,32
Rural,211,850,5,10.0,12.8,12.8,30,7.1,-109,-29,55
Suburban,3741,2100,20,4.5,6.7,15.2,27,12.3,-73,-11,42
Urban,13848,2600,20,1.4,2.3,17.6,23,20.1,-69,-7,38
Suburban,1268,1900,20,2.8,4.1,14.0,19,18.0,-80,-16,31
Dense Urban,26268,3500,60,0.4,0.5,18.6,6,26.3,-58,-12,25
Urban,12566,1900,20,2.0,2.4,17.2,12,15.0,-61,-7,42
Urban,6895,2600,20,1.7,2.4,16.1,10,18.5,-61,-7,49
Suburban,2956,2100,20,2.7,4.3,15.4,30,17.2,-85,-15,35
Suburban,1757,2100,20,3.5,6.2,16.4,27,14.0,-84,-16,32
Urban,7845,2600,20,1.1,1.4,17.5,16,22.8,-68,-11,31
Urban,13069,2600,20,2.2,2.8,16.4,16,16.5,-70,-7,38
Urban,9552,1900,20,2.3,2.8,17.7,24,15.0,-60,-7,41
Urban,12701,1900,20,1.3,2.7,16.2,20,19.0,-69,-14,31
Rural,122,850,5,9.1,36.8,12.5,28,10.0,-115,-31,56
Suburban,3415,1900,20,4.3,6.8,14.2,24,11.5,-70,-13,43
Dense Urban,20578,2600,20,0.7,0.9,17.8,5,21.1,-51,-5,40
Dense Urban,21197,2600,20,0.2,0.6,18.0,9,30.0,-65,-12,18
Suburban,4771,1900,20,3.7,4.5,14.2,25,15.7,-79,-13,43
Suburban,1574,2100,20,2.3,4.5,14.4,29,18.0,-65,-17,25
Urban,14117,1900,20,0.9,2.5,15.6,21,24.4,-65,-12,29
Rural,229,850,5,11.7,19.5,12.0,31,8.0,-108,-30,59
Suburban,3965,2100,20,4.0,4.9,14.1,27,12.5,-71,-15,35
Suburban,2390,2100,20,2.4,3.3,15.6,18,19.4,-80,-14,30
Urban,6873,1900,20,0.8,2.5,16.4,19,22.8,-65,-14,28
Dense Urban,23681,3500,60,0.4,0.8,18.3,7,23.6,-65,-12,27
Dense Urban,20983,3500,60,0.6,0.7,18.1,12,25.3,-54,-12,26
Urban,11761,1900,20,1.0,2.8,15.8,19,22.1,-65,-14,29
Urban,9873,2600,20,2.4,2.9,17.2,15,15.0,-60,-9,50
Rural,267,600,5,23.8,32.4,12.6,33,3.3,-90,-19,100
Dense Urban,36057,2600,20,0.6,0.9,18.2,6,23.4,-54,-4,40
Urban,5279,1900,20,0.6,1.0,17.0,23,25.0,-65,-13,25
Suburban,2708,2100,20,4.2,6.6,16.5,22,14.3,-72,-11,44
Dense Urban,23386,2600,20,0.2,0.5,17.5,8,29.4,-65,-12,18
Suburban,3443,2100,20,4.7,6.8,14.3,28,11.4,-73,-10,44
Urban,11010,2600,20,0.7,0.8,17.3,10,24.3,-75,-13,32
Urban,14726,1900,20,1.3,2.5,18.0,20,20.7,-69,-12,33
Suburban,4658,1900,20,5.0,6.4,15.3,24,10.0,-75,-13,48
Dense Urban,22493,3500,60,0.4,0.5,18.6,7,27.2,-62,-12,24
Suburban,2702,2100,20,3.3,7.0,14.2,25,13.1,-79,-12,37
Suburban,3258,2100,20,2.4,6.8,14.3,24,17.2,-85,-15,34
Dense Urban,34183,2600,20,0.8,0.9,17.2,15,20.7,-50,-4,37
Urban,14663,2600,20,1.0,1.8,17.0,10,23.1,-71,-13,37
Dense Urban,26826,2600,20,0.5,0.8,19.3,13,26.3,-59,-6,30
Rural,273,600,5,19.5,28.5,12.3,33,4.1,-96,-21,92
Suburban,1537,1900,20,2.2,4.1,15.3,28,18.3,-65,-16,26
Dense Urban,29693,3500,60,0.6,0.8,18.1,14,24.1,-54,-12,26
Urban,11106,2600,20,1.1,1.6,17.2,13,23.0,-65,-12,29
Rural,271,700,10,22.8,34.7,12.2,30,2.0,-90,-18,100
Urban,10275,2600,20,2.3,2.9,17.7,24,16.3,-63,-7,49
Rural,207,700,10,16.1,32.4,13.9,30,5.3,-103,-25,86
Suburban,2881,1900,20,3.0,4.9,15.5,22,12.9,-78,-13,33
Rural,298,700,10,16.2,36.1,14.3,35,5.6,-98,-25,85
Suburban,1769,2100,20,2.1,3.0,14.3,21,20.0,-65,-18,25
Rural,236,850,5,21.9,37.6,13.1,30,3.5,-92,-25,91
Rural,134,850,5,12.2,36.6,11.6,40,6.1,-105,-31,69
Suburban,3463,1900,20,3.8,6.4,15.3,24,15.1,-82,-12,36
Suburban,1028,1900,20,3.8,5.5,16.1,27,13.5,-83,-13,40
Suburban,2923,1900,20,2.2,3.0,15.4,27,18.8,-85,-18,33
Rural,59,850,5,18.0,30.0,12.6,30,5.2,-97,-23,81
Suburban,3984,2100,20,3.1,7.0,15.7,25,15.6,-80,-16,36
Rural,141,850,5,13.6,34.5,12.4,40,8.1,-104,-29,79
Suburban,3653,1900,20,2.7,3.6,14.4,29,18.0,-65,-16,27
Urban,9683,1900,20,1.4,2.5,17.1,12,20.6,-65,-12,29
Urban,9658,1900,20,2.5,3.0,17.5,11,16.2,-61,-8,50
Urban,7938,2600,20,2.2,2.7,17.2,11,19.6,-63,-7,50
Suburban,2019,2100,20,2.2,5.4,15.9,27,17.6,-85,-17,37
Suburban,1918,2100,20,3.1,5.7,15.4,15,17.2,-82,-17,30
Suburban,4159,1900,20,4.5,5.8,15.2,30,12.3,-77,-10,50
Suburban,4870,1900,20,4.2,6.2,15.2,21,12.3,-72,-11,41
Urban,6985,1900,20,1.1,2.0,17.8,22,22.2,-65,-12,26
Dense Urban,20650,3500,60,0.6,0.8,17.3,7,23.4,-55,-12,29
Urban,14953,1900,20,2.1,2.7,17.4,12,15.2,-65,-9,42
Urban,6462,2600,20,1.1,2.3,17.0,19,20.8,-68,-10,37
Urban,13465,2600,20,0.5,1.6,17.0,13,25.0,-65,-14,29
Suburban,1787,1900,20,4.0,6.3,16.3,24,14.3,-77,-11,37
Dense Urban,27478,3500,60,0.2,0.4,17.0,9,30.0,-58,-12,16
Urban,5198,2600,20,1.9,3.0,17.1,25,18.3,-62,-7,38
Suburban,1734,1900,20,2.5,4.3,14.1,27,19.7,-78,-18,30
Suburban,2605,1900,20,2.9,5.0,15.6,30,19.5,-84,-15,31
Dense Urban,34773,3500,60,0.7,0.9,19.0,11,22.3,-54,-4,36
Urban,6167,1900,20,1.0,2.7,15.7,25,22.8,-65,-12,29
Suburban,4226,2100,20,4.3,5.4,15.7,21,13.7,-74,-11,42
Urban,12037,2600,20,0.6,1.2,15.5,12,25.0,-74,-11,30
Urban,11322,2600,20,1.1,2.6,17.5,22,23.3,-67,-14,36
Urban,5378,1900,20,0.8,1.1,17.3,20,23.4,-65,-12,26
Rural,91,600,5,18.8,29.6,13.0,35,8.0,-98,-22,91
Suburban,1371,1900,20,2.3,6.3,15.7,27,18.4,-85,-18,31
Suburban,4569,1900,20,2.2,4.2,16.2,21,18.1,-65,-17,28
Rural,265,600,5,10.4,12.8,12.9,25,9.0,-114,-30,55
Suburban,4998,2100,20,3.5,4.6,16.5,20,12.9,-85,-13,42
Urban,9435,1900,20,1.3,2.7,17.7,11,23.7,-71,-14,33
Dense Urban,19225,3500,60,0.5,0.7,18.5,11,26.0,-58,-8,36
Urban,6449,1900,20,0.7,2.0,16.8,15,24.8,-65,-12,28
Suburban,3144,1900,20,2.4,5.0,14.9,25,20.0,-65,-15,25
Rural,237,700,10,9.8,18.5,13.6,32,8.5,-112,-31,66
Rural,278,850,5,19.5,31.8,14.0,31,4.6,-94,-23,92
Urban,7118,2600,20,1.1,2.3,16.2,19,22.0,-69,-13,39
Suburban,2786,1900,20,3.2,4.6,16.0,30,18.0,-65,-15,28
Suburban,4768,1900,20,2.7,4.6,15.1,25,19.0,-65,-17,29
Suburban,2566,2100,20,2.2,3.9,14.7,28,20.0,-65,-17,28
Urban,6910,1900,20,1.2,1.5,17.4,10,23.5,-69,-10,31
Urban,13683,1900,20,2.2,2.6,16.8,10,18.4,-62,-7,47
Urban,7155,1900,20,2.3,3.0,17.4,25,15.0,-60,-8,43
Dense Urban,29820,3500,60,0.7,0.9,18.6,10,20.3,-53,-6,35
Urban,10398,1900,20,1.0,2.9,17.9,19,24.1,-68,-12,40
Suburban,2913,1900,20,3.5,5.9,15.2,27,12.8,-73,-14,35
Urban,7728,1900,20,2.0,2.9,17.2,20,16.7,-64,-7,36
Dense Urban,18174,3500,60,0.3,0.7,19.0,5,28.2,-61,-12,27
Urban,9151,2600,20,1.9,2.5,17.6,10,15.9,-64,-13,39
Dense Urban,37641,2600,20,0.4,0.6,18.0,14,26.4,-61,-12,28
Suburban,4237,1900,20,2.2,3.3,14.7,15,18.7,-65,-18,25
Dense Urban,22127,2600,20,0.4,0.5,18.4,12,27.9,-62,-12,23
Urban,13777,1900,20,2.3,2.9,16.3,22,15.0,-64,-9,50
Suburban,4409,1900,20,4.2,6.2,16.2,23,10.0,-74,-11,41
Dense Urban,34289,3500,60,0.5,0.8,17.7,5,20.7,-59,-12,24
Suburban,1272,2100,20,4.3,6.7,14.9,25,13.0,-71,-15,49
Dense Urban,22011,3500,60,0.2,0.7,18.1,13,28.6,-59,-12,16
Urban,11031,2600,20,0.9,2.5,16.9,19,25.0,-65,-12,28
Dense Urban,18010,3500,60,0.5,0.7,18.5,5,26.4,-57,-12,29
Urban,12067,2600,20,0.5,0.9,17.9,24,22.6,-65,-13,25
Urban,6299,1900,20,2.4,2.9,17.3,25,16.1,-60,-7,42
Urban,10253,1900,20,2.3,2.8,16.3,20,17.5,-66,-7,40
Suburban,4090,2100,20,2.6,6.4,14.2,21,18.5,-65,-18,28
Urban,5534,1900,20,1.6,2.6,16.0,10,19.7,-61,-9,42
Suburban,2641,2100,20,4.2,5.6,14.7,24,13.8,-73,-13,45
Rural,239,850,5,17.1,31.5,13.1,37,7.2,-95,-24,89
Urban,5018,2600,20,0.7,2.4,16.0,22,25.0,-70,-13,40
Dense Urban,17567,3500,60,0.4,0.7,17.5,8,25.6,-57,-12,16
Dense Urban,28749,3500,60,0.4,0.7,17.9,11,28.0,-60,-12,18
Suburban,2317,2100,20,4.6,6.0,16.1,28,10.9,-71,-11,50
Rural,59,600,5,16.8,32.3,11.8,32,5.7,-94,-25,91
Urban,10935,2600,20,0.9,2.0,17.4,25,23.6,-72,-13,36
Suburban,1231,2100,20,3.1,6.1,15.4,15,17.4,-80,-16,33
Suburban,4874,1900,20,3.7,5.9,14.8,22,14.7,-73,-14,32
Suburban,1176,1900,20,4.6,6.4,15.3,27,12.8,-75,-12,50
Suburban,4346,2100,20,4.3,5.7,14.8,22,12.0,-76,-11,37
Rural,203,700,10,9.1,20.9,11.8,32,10.0,-110,-31,60
Dense Urban,26221,3500,60,0.2,0.7,19.3,12,29.9,-65,-12,18
Dense Urban,26022,2600,20,0.5,0.7,18.8,13,23.8,-58,-5,34
Dense Urban,23446,2600,20,0.3,0.8,18.2,15,28.5,-61,-12,22
Dense Urban,36740,2600,20,0.5,0.9,17.5,15,24.0,-55,-12,19
Suburban,3868,2100,20,2.1,4.5,16.0,30,18.8,-65,-14,25
Suburban,1283,2100,20,2.4,6.9,14.5,21,19.3,-65,-15,27
Urban,7883,1900,20,1.2,2.5,17.4,25,19.9,-72,-14,30
Suburban,3569,2100,20,4.9,6.9,14.1,18,10.7,-70,-10,50
Suburban,1572,1900,20,2.5,6.8,14.5,21,18.0,-65,-18,29
Dense Urban,18407,3500,60,0.3,0.5,17.9,14,29.9,-61,-12,16
Suburban,4203,1900,20,2.8,5.5,14.6,15,19.2,-65,-16,29
Suburban,2191,2100,20,3.3,5.5,16.3,26,12.4,-76,-15,44
Dense Urban,30823,3500,60,0.4,0.7,18.9,5,26.6,-62,-12,27
Rural,144,850,5,11.8,18.3,11.2,31,8.9,-108,-29,56
Rural,126,850,5,13.2,20.5,11.5,28,6.5,-106,-31,68
Dense Urban,31836,3500,60,0.5,0.8,19.5,7,25.1,-60,-12,27
Dense Urban,22892,2600,20,0.2,0.8,17.3,8,30.0,-65,-12,22
Urban,9016,2600,20,1.5,2.3,17.7,10,22.2,-67,-8,38
Suburban,4588,2100,20,3.4,5.0,16.4,17,18.0,-65,-13,25
Rural,104,600,5,22.8,33.3,13.5,30,2.0,-90,-19,100
Urban,14232,1900,20,1.0,2.0,17.2,10,22.0,-69,-12,30
Suburban,2687,2100,20,2.9,3.8,15.7,16,18.0,-65,-16,26
Dense Urban,34790,3500,60,0.5,0.8,18.2,7,26.3,-63,-12,28
Suburban,3480,1900,20,3.5,4.9,14.0,28,13.0,-77,-12,44
Suburban,2968,1900,20,2.7,4.9,16.3,16,18.0,-65,-18,26
Dense Urban,25234,2600,20,0.3,0.9,19.4,9,28.5,-56,-12,26
Suburban,4483,2100,20,2.5,3.7,14.7,30,18.0,-65,-18,25
Rural,189,700,10,13.5,20.8,12.1,36,7.5,-100,-23,73
Suburban,3064,2100,20,3.2,3.8,16.1,25,15.1,-78,-14,31
Dense Urban,27601,2600,20,0.3,0.8,17.1,6,27.2,-65,-12,23
Rural,100,850,5,9.2,25.5,11.8,37,9.6,-115,-32,55
Suburban,4717,1900,20,3.2,6.1,14.5,17,17.5,-79,-18,32
Urban,5687,2600,20,1.2,1.9,16.6,22,21.7,-65,-12,28
Urban,14959,1900,20,0.6,2.3,15.5,13,23.7,-75,-13,31
Urban,14322,1900,20,2.2,2.9,18.0,14,15.0,-60,-7,47
Suburban,3400,1900,20,4.3,6.2,14.7,17,10.0,-73,-13,46
Urban,8945,2600,20,1.5,1.9,16.1,16,19.7,-66,-9,33
Rural,275,700,10,15.6,30.5,12.0,37,7.5,-100,-25,77
Rural,179,700,10,18.7,30.1,11.1,32,6.4,-90,-19,75
Dense Urban,17833,3500,60,0.3,0.8,18.2,14,25.9,-63,-12,16
Rural,147,700,10,17.0,29.6,11.4,31,5.5,-102,-23,90
Suburban,4933,2100,20,3.9,5.2,15.1,29,11.5,-77,-12,43
Rural,192,700,10,16.6,31.4,14.3,30,7.8,-104,-24,81
Suburban,3144,2100,20,4.1,6.4,16.1,29,12.1,-73,-12,47
Urban,8483,1900,20,2.0,2.9,17.0,24,16.8,-60,-9,50
Suburban,1580,1900,20,3.3,5.4,16.3,24,13.4,-80,-14,38
Rural,289,600,5,24.7,36.5,13.9,30,3.6,-90,-20,100
Urban,9366,1900,20,0.7,0.9,15.8,24,25.0,-65,-14,27
Rural,231,850,5,22.0,29.7,12.5,38,4.2,-90,-18,96
Suburban,1485,1900,20,2.8,5.7,14.1,22,16.2,-85,-17,32
Urban,10785,2600,20,1.7,2.2,16.0,15,18.8,-64,-11,38
Urban,9709,2600,20,0.7,1.3,18.0,18,21.4,-70,-11,34
Suburban,4291,2100,20,4.2,6.4,14.5,18,11.0,-71,-10,39
Urban,7970,1900,20,0.7,1.9,16.4,22,25.0,-72,-10,30
Rural,299,700,10,22.2,27.4,13.6,31,3.6,-90,-20,99
Rural,166,600,5,17.9,24.6,13.5,35,3.4,-95,-23,82
Dense Urban,20577,2600,20,0.8,0.9,17.5,15,21.0,-53,-4,35
Rural,60,600,5,20.8,29.6,12.6,30,3.5,-97,-21,96
Urban,5175,1900,20,0.9,2.3,16.1,13,22.9,-70,-14,35
Urban,11199,1900,20,1.1,1.5,15.9,18,25.0,-63,-12,27
Suburban,4799,1900,20,4.2,6.7,15.4,18,10.8,-70,-10,45
Urban,7431,2600,20,1.8,2.4,15.6,14,15.0,-63,-9,35
Dense Urban,38088,2600,20,0.3,0.4,18.2,5,27.4,-60,-12,20
Rural,278,700,10,14.5,31.7,12.5,31,5.8,-103,-26,70
Dense Urban,28100,3500,60,0.6,0.8,17.2,13,21.8,-56,-12,26
Urban,8932,2600,20,1.8,2.3,17.6,25,18.8,-65,-9,38
Suburban,4001,1900,20,2.5,3.0,16.0,27,18.0,-65,-13,29
Urban,14118,1900,20,2.4,2.9,16.2,23,15.0,-60,-8,44
Rural,186,700,10,14.8,27.1,12.8,27,8.0,-104,-25,71
Suburban,1129,2100,20,3.5,6.6,15.1,26,15.1,-76,-11,33
Urban,6790,2600,20,1.7,2.3,15.6,18,20.9,-66,-8,46
Dense Urban,25955,2600,20,0.6,0.8,19.3,6,22.3,-57,-7,38
Rural,57,700,10,10.8,38.9,14.0,33,10.0,-113,-29,66
Dense Urban,37554,3500,60,0.5,0.7,18.9,13,24.4,-60,-12,17
Suburban,2908,1900,20,3.7,6.0,15.8,26,17.3,-78,-16,38
Urban,13989,2600,20,1.2,3.0,16.7,10,20.4,-70,-9,41
Suburban,2808,1900,20,2.7,4.2,16.1,20,18.6,-81,-14,41
Suburban,2686,2100,20,3.1,4.0,15.6,23,15.0,-81,-15,30
Suburban,3968,1900,20,4.8,6.9,14.3,17,12.1,-74,-12,49
Urban,9710,1900,20,0.8,2.3,16.1,23,23.5,-65,-12,25
Suburban,2316,1900,20,3.2,4.5,15.3,25,17.0,-82,-16,30
Dense Urban,24019,2600,20,0.3,0.4,19.2,7,29.1,-59,-12,20
Urban,14549,2600,20,1.7,2.1,17.1,19,20.2,-65,-9,40
Suburban,4062,2100,20,2.1,2.9,15.7,25,20.0,-65,-16,25
Urban,8229,1900,20,1.1,2.9,15.6,10,21.8,-65,-13,25
Suburban,3162,2100,20,3.6,5.7,14.6,22,14.8,-74,-11,40
Urban,14604,2600,20,1.6,2.4,16.7,15,20.0,-69,-11,42
Suburban,2704,1900,20,4.5,6.3,16.1,17,12.2,-75,-11,48
Urban,7017,2600,20,1.0,1.3,15.8,21,23.1,-65,-12,29
Suburban,3247,2100,20,3.6,5.8,14.2,26,14.8,-77,-15,37
Urban,11614,2600,20,1.7,3.0,17.8,24,17.1,-64,-8,35
Suburban,4351,2100,20,2.4,6.5,15.5,26,18.0,-65,-17,25
Urban,13624,1900,20,2.1,3.0,16.8,10,15.0,-61,-7,46
Urban,10559,1900,20,2.1,2.7,15.6,17,15.5,-68,-7,43
Dense Urban,25970,3500,60,0.7,0.9,17.8,8,21.2,-51,-12,27
Dense Urban,27144,3500,60,0.6,0.9,17.7,7,23.2,-53,-12,26
Dense Urban,38336,3500,60,0.5,0.8,17.5,9,24.5,-57,-8,30
Suburban,1768,1900,20,2.6,6.0,14.1,24,19.4,-65,-15,27
Suburban,4614,2100,20,2.6,4.2,14.7,28,18.0,-84,-16,31
Dense Urban,39179,3500,60,0.3,0.9,18.2,7,28.6,-63,-12,26
Urban,11546,2600,20,1.7,2.7,16.0,22,19.1,-68,-8,39
Urban,8862,1900,20,2.1,2.7,16.4,20,17.5,-64,-9,46
Suburban,4981,2100,20,3.2,7.0,14.4,26,16.1,-80,-16,37
Rural,135,600,5,10.6,20.9,11.9,37,8.4,-114,-25,67
Suburban,2681,1900,20,3.4,4.9,14.9,29,17.4,-70,-16,37
Urban,10356,2600,20,1.1,2.3,16.0,16,20.7,-71,-13,31
Dense Urban,22450,3500,60,0.3,0.4,17.5,12,28.9,-61,-12,16
Dense Urban,15555,3500,60,0.3,0.4,18.8,11,29.8,-62,-12,16
Urban,8867,1900,20,1.2,2.1,15.6,19,22.5,-68,-12,31
Dense Urban,34558,2600,20,0.4,0.5,19.0,12,24.9,-61,-12,21
Dense Urban,30089,3500,60,0.8,0.9,18.0,11,20.0,-50,-8,36
Suburban,1249,2100,20,2.5,4.4,15.0,21,17.0,-82,-14,33
Urban,5209,1900,20,0.8,2.6,17.3,21,23.7,-65,-14,25
Rural,123,850,5,14.6,18.4,14.2,35,7.7,-104,-25,82
Suburban,4893,2100,20,2.3,4.0,15.6,28,20.0,-65,-14,26
Suburban,1235,1900,20,4.3,6.3,15.5,20,11.6,-72,-10,45
Dense Urban,38027,2600,20,0.5,0.6,17.3,12,25.8,-57,-12,23
Rural,248,850,5,13.4,36.8,14.1,36,9.0,-101,-27,71
Urban,14903,2600,20,0.5,2.2,15.9,17,23.6,-65,-13,25
Rural,285,850,5,14.2,29.1,13.3,40,5.1,-107,-26,67
Suburban,2721,1900,20,2.3,5.7,15.8,27,20.0,-85,-17,30
Urban,8083,2600,20,0.6,0.9,17.3,15,22.1,-65,-12,25
Urban,12420,2600,20,1.8,2.2,17.2,15,20.3,-66,-9,39
Dense Urban,24034,3500,60,0.6,0.8,17.0,11,22.6,-54,-10,36
Dense Urban,24196,2600,20,0.6,0.7,18.2,5,24.4,-50,-12,29
Rural,192,850,5,16.6,21.1,14.2,30,5.7,-98,-24,86
Urban,5667,1900,20,0.6,1.3,16.6,15,24.5,-65,-12,25
Rural,135,700,10,19.0,35.3,13.2,30,4.8,-101,-20,89
Urban,9976,2600,20,2.3,2.8,17.7,10,19.2,-60,-7,45
Dense Urban,17908,2600,20,0.6,0.8,17.5,11,22.7,-58,-12,26
Suburban,2880,1900,20,4.3,6.1,16.5,25,11.0,-74,-13,45
Dense Urban,35420,3500,60,0.4,0.8,18.2,8,26.8,-59,-12,27
Dense Urban,23795,3500,60,0.5,0.8,17.3,15,26.0,-56,-12,29
Suburban,3835,1900,20,2.6,3.7,16.5,20,18.0,-84,-13,30
Urban,5966,2600,20,1.4,2.1,17.8,16,20.1,-67,-9,30
Rural,162,700,10,24.1,31.9,13.8,30,3.9,-90,-20,100
Dense Urban,23458,3500,60,0.7,0.9,18.6,8,21.7,-55,-7,32
Suburban,2810,1900,20,3.4,5.9,14.0,20,14.5,-78,-11,36
Suburban,2535,1900,20,2.8,3.6,15.8,21,15.9,-81,-17,34
Suburban,3272,1900,20,3.4,4.1,14.2,29,12.7,-76,-16,30
Urban,7276,1900,20,0.9,2.8,15.6,20,23.1,-75,-11,33
Suburban,3574,1900,20,2.5,3.9,14.5,16,18.7,-82,-16,31
Urban,10755,1900,20,0.7,1.6,17.6,18,22.2,-71,-13,32
Urban,10906,2600,20,0.9,2.6,17.9,21,23.0,-70,-10,36
Rural,55,700,10,20.6,36.2,12.1,30,4.1,-93,-20,100
Rural,268,600,5,8.9,33.1,14.3,29,10.0,-108,-27,55
Urban,6699,2600,20,1.9,2.7,16.5,18,20.4,-63,-11,41
Suburban,3896,1900,20,4.9,6.8,14.2,27,10.0,-70,-11,50
Suburban,2685,2100,20,3.0,6.0,14.7,27,18.8,-65,-17,25
Suburban,4390,1900,20,4.2,5.6,14.3,26,13.0,-73,-10,33
Rural,136,850,5,16.8,29.6,11.9,36,6.0,-97,-23,80
Urban,6209,1900,20,1.0,1.3,15.8,15,25.0,-65,-14,29
Urban,13444,2600,20,1.5,2.4,17.5,13,19.7,-68,-7,33
Suburban,2478,1900,20,4.5,6.3,16.3,23,13.5,-76,-10,50
Dense Urban,27041,3500,60,0.6,0.8,18.5,10,24.1,-55,-12,27
Dense Urban,20257,3500,60,0.6,0.9,17.2,6,21.3,-61,-12,21
Dense Urban,24258,3500,60,0.3,0.4,18.8,5,30.0,-65,-12,16
Dense Urban,19566,2600,20,0.7,0.9,18.9,6,23.0,-54,-4,38
Urban,13215,2600,20,0.8,2.7,17.1,17,23.0,-71,-7,36
Suburban,2589,1900,20,2.9,5.9,14.5,24,18.0,-82,-13,35
Urban,6439,2600,20,1.8,2.5,17.5,11,18.1,-61,-10,45
Urban,11499,2600,20,2.3,2.8,16.1,15,15.5,-62,-9,50
Suburban,3511,1900,20,3.8,6.7,16.2,20,11.8,-70,-13,36
Suburban,1956,1900,20,4.9,6.8,15.1,16,10.1,-70,-10,44
Urban,12756,1900,20,0.9,2.8,16.6,25,23.3,-65,-12,29
Suburban,1596,1900,20,2.2,7.0,15.0,23,18.0,-65,-18,28
Rural,285,600,5,11.0,18.0,14.2,33,7.1,-112,-30,62
Suburban,4358,2100,20,4.4,6.8,16.4,18,13.0,-77,-11,35
Suburban,2731,2100,20,2.1,5.2,16.0,20,20.0,-65,-18,25
Suburban,4136,1900,20,2.9,6.0,16.2,23,19.1,-85,-17,30
Rural,126,600,5,19.7,27.9,11.9,31,4.1,-96,-23,92
Urban,8722,2600,20,0.9,2.0,16.6,24,24.9,-65,-12,27
Suburban,1559,1900,20,3.5,4.4,15.3,24,18.0,-65,-12,26
Suburban,1042,2100,20,4.9,6.1,16.0,16,10.4,-73,-10,50
Rural,221,700,10,23.4,29.9,12.3,35,4.2,-91,-18,100
Rural,227,700,10,20.7,32.6,12.2,39,2.0,-96,-22,96
Dense Urban,38129,2600,20,0.8,0.9,19.0,5,20.0,-50,-6,40
Dense Urban,19663,3500,60,0.7,0.9,17.6,8,20.0,-55,-12,27
Urban,13859,1900,20,1.5,1.9,17.1,15,18.6,-71,-13,37
Suburban,3997,2100,20,4.1,5.0,14.0,24,10.0,-75,-13,36
Suburban,3511,1900,20,3.5,5.5,16.3,16,16.0,-75,-16,37
Urban,8175,2600,20,2.1,2.8,16.7,22,18.2,-66,-7,46
Dense Urban,30037,3500,60,0.4,0.9,17.5,7,29.0,-63,-12,27
Suburban,3731,2100,20,2.3,6.2,16.2,25,18.0,-65,-18,28
Suburban,4144,2100,20,3.9,6.3,15.6,20,16.9,-75,-14,40
Rural,77,600,5,14.5,34.5,12.1,33,8.2,-102,-26,72
Suburban,3960,2100,20,2.4,3.8,16.2,30,19.8,-65,-14,27
Urban,12631,1900,20,1.9,2.8,17.9,12,16.9,-60,-10,41
Dense Urban,15745,3500,60,0.5,0.8,19.1,15,23.3,-58,-12,24
Dense Urban,29162,3500,60,0.5,0.8,17.9,13,26.3,-58,-12,16
Urban,5271,2600,20,0.6,2.9,16.1,15,25.0,-75,-14,30
Urban,13529,1900,20,1.9,2.9,16.1,18,17.4,-63,-10,48
Urban,9366,1900,20,2.2,2.7,17.2,14,15.6,-60,-9,43
Dense Urban,17810,2600,20,0.2,0.8,17.2,8,28.7,-62,-12,18
Rural,190,850,5,16.4,20.5,14.4,30,7.2,-102,-25,93
Rural,252,700,10,12.5,26.2,12.9,28,5.6,-105,-29,69
Suburban,3353,2100,20,2.2,5.6,16.0,28,17.2,-84,-17,31
Rural,276,850,5,16.2,29.5,11.4,30,3.5,-94,-27,68
Rural,256,700,10,12.8,26.1,13.2,39,7.9,-107,-30,70
Suburban,3402,1900,20,3.1,5.1,15.6,29,15.5,-77,-14,39
Urban,14407,2600,20,1.3,2.2,16.2,12,22.4,-73,-10,37
Dense Urban,34472,2600,20,0.4,0.7,19.1,6,28.0,-63,-12,20
Suburban,2158,2100,20,4.0,6.0,16.4,26,13.7,-73,-15,39
Urban,10939,1900,20,2.3,3.0,15.7,19,16.5,-63,-7,50
Suburban,2943,1900,20,3.2,5.4,14.2,15,15.9,-82,-14,35
Rural,121,700,10,17.0,35.4,11.0,35,7.2,-98,-25,85
Dense Urban,39544,2600,20,0.7,0.9,19.3,7,22.1,-50,-6,36
Suburban,3847,2100,20,4.0,5.3,14.7,16,12.5,-72,-18,48
Suburban,1243,1900,20,3.7,6.3,15.0,26,14.3,-85,-10,46
Urban,8770,2600,20,2.0,2.6,17.8,20,18.8,-64,-9,44
Dense Urban,38065,2600,20,0.8,0.9,17.5,14,20.0,-51,-9,30
Urban,8182,2600,20,1.3,2.3,17.0,12,20.3,-68,-9,37
Urban,8574,2600,20,0.8,2.5,17.8,11,25.0,-70,-13,31
Suburban,2284,1900,20,3.3,6.3,15.1,21,18.0,-65,-14,27
Rural,87,600,5,18.4,32.2,13.5,30,4.7,-96,-23,90
Urban,10499,1900,20,2.4,2.9,17.6,19,15.5,-61,-8,48
Suburban,2352,1900,20,3.0,5.2,15.5,21,15.7,-78,-15,31
Urban,6690,1900,20,0.6,2.3,17.7,19,23.1,-65,-12,25
Rural,159,700,10,18.7,29.4,11.9,32,4.4,-100,-22,83
Rural,254,700,10,21.7,27.1,11.7,30,2.0,-96,-22,100
Suburban,4468,1900,20,5.0,6.7,14.1,27,10.0,-70,-10,42
Urban,12600,2600,20,1.1,2.9,17.6,14,22.8,-65,-12,29
Urban,5489,2600,20,2.3,2.9,16.4,11,16.5,-64,-11,44
Urban,14776,2600,20,0.6,1.4,17.3,11,25.0,-65,-14,25
Rural,279,600,5,24.5,35.8,11.4,32,6.5,-90,-19,100
Urban,7108,2600,20,1.0,1.4,16.9,25,22.9,-65,-12,25
Suburban,4742,1900,20,4.8,6.3,15.7,29,10.4,-74,-10,43
Rural,166,850,5,21.2,33.5,13.3,30,3.4,-90,-20,93
Suburban,1121,1900,20,4.8,6.0,16.2,22,10.0,-70,-13,46
Suburban,3727,2100,20,2.5,6.4,15.3,30,19.3,-81,-18,30
Urban,14385,1900,20,0.7,1.0,16.8,13,22.3,-71,-13,37
Dense Urban,39405,3500,60,0.7,0.9,18.5,5,20.3,-50,-4,36
Urban,7666,2600,20,0.8,2.8,17.2,10,21.3,-65,-13,25
Suburban,3813,1900,20,3.8,5.8,15.2,22,18.0,-65,-16,29
Suburban,4019,1900,20,4.5,6.2,15.4,18,10.8,-75,-10,41
Suburban,4022,1900,20,2.6,5.7,14.4,19,18.0,-65,-14,25
Urban,11327,1900,20,1.1,2.1,16.0,24,22.5,-69,-9,32
Suburban,1600,1900,20,2.1,6.6,15.9,15,18.3,-65,-15,25
Rural,134,600,5,12.4,31.2,11.4,29,9.4,-107,-28,80
Urban,7588,1900,20,1.1,3.0,17.9,15,19.5,-70,-10,31
Suburban,4213,2100,20,3.1,5.0,16.1,21,18.0,-65,-17,27
Dense Urban,37174,3500,60,0.2,0.6,18.7,8,30.0,-65,-12,16
Rural,205,850,5,16.4,27.9,13.4,30,7.2,-98,-26,77
Suburban,2631,2100,20,3.8,5.8,16.2,27,17.0,-74,-12,34
Urban,12961,1900,20,1.3,2.0,17.0,10,20.0,-70,-10,34
Dense Urban,32625,2600,20,0.5,0.7,18.4,5,21.5,-57,-4,31
Suburban,3893,1900,20,3.8,6.0,15.4,27,13.2,-80,-10,38
Suburban,1917,1900,20,3.4,5.5,14.1,30,12.8,-81,-16,34
Dense Urban,19370,3500,60,0.5,0.8,19.4,5,26.2,-59,-12,29
Rural,100,700,10,15.0,32.6,12.6,39,5.0,-100,-29,78
Rural,177,700,10,22.0,26.8,13.2,31,6.1,-90,-20,97
Urban,14399,2600,20,1.9,2.5,16.5,13,18.9,-60,-8,44
Dense Urban,29831,2600,20,0.4,0.5,17.3,5,26.3,-65,-12,22
Rural,82,600,5,15.6,38.8,11.2,40,4.6,-98,-25,72
Urban,10664,1900,20,1.1,2.4,16.0,25,22.4,-69,-14,36
Suburban,4439,1900,20,4.5,6.2,14.1,27,10.4,-70,-11,48
Suburban,4911,2100,20,3.7,4.8,15.7,23,16.6,-79,-14,33
Urban,11182,1900,20,1.5,2.5,16.3,12,18.4,-67,-10,35
Rural,278,600,5,20.9,34.6,11.4,30,2.0,-90,-19,100
Rural,53,600,5,19.4,31.3,13.2,31,5.4,-92,-24,84
Urban,11034,2600,20,2.0,2.9,16.5,22,19.8,-62,-8,48
Suburban,1887,2100,20,3.7,6.4,16.4,27,14.1,-75,-12,33
Urban,14230,2600,20,2.0,2.7,16.2,20,15.9,-67,-9,46
Rural,85,850,5,23.9,36.4,12.5,34,3.2,-90,-20,100
Suburban,2613,1900,20,3.7,6.2,16.0,17,14.8,-71,-11,39
Rural,102,600,5,14.2,22.5,12.6,40,7.7,-106,-27,75
Rural,173,850,5,11.0,16.1,13.0,26,8.4,-107,-26,78
Urban,10955,1900,20,0.5,2.6,15.7,15,25.0,-72,-12,33
Suburban,1023,2100,20,4.0,5.1,16.0,17,12.0,-70,-11,38
Urban,10697,2600,20,1.8,2.3,17.2,18,20.0,-65,-7,44
Rural,138,600,5,18.2,32.0,11.1,40,4.0,-97,-21,94
Suburban,1528,2100,20,2.8,4.7,14.3,29,14.2,-82,-16,35
Rural,54,700,10,11.9,33.6,13.2,38,9.6,-107,-29,67
Urban,7328,2600,20,0.5,2.9,16.7,12,25.0,-74,-14,32
Urban,14596,2600,20,2.4,3.0,17.8,18,15.0,-62,-8,47
Suburban,2892,1900,20,4.2,6.7,14.6,17,10.5,-75,-12,50
Rural,266,850,5,16.8,25.2,14.3,37,4.9,-98,-24,85
Urban,14065,2600,20,1.4,2.8,17.9,22,18.7,-74,-12,35
Dense Urban,22902,3500,60,0.2,0.6,18.7,7,30.0,-60,-12,16
Suburban,4389,1900,20,3.3,4.2,15.2,29,16.5,-79,-17,39
Urban,8131,2600,20,1.5,2.0,16.9,16,19.4,-69,-13,42
Suburban,1799,2100,20,2.6,4.5,14.9,21,18.7,-77,-18,35
Suburban,1912,2100,20,4.6,5.5,15.1,20,11.5,-73,-11,43
Urban,8088,2600,20,2.3,2.8,17.6,25,15.8,-60,-7,44
Urban,13090,1900,20,0.7,2.4,16.7,16,25.0,-65,-12,25
Dense Urban,22145,2600,20,0.3,0.5,19.0,5,30.0,-63,-12,21
Suburban,4109,1900,20,3.6,4.5,14.0,30,16.9,-77,-10,36
Suburban,2893,1900,20,3.3,6.9,14.1,21,16.4,-80,-13,39
Urban,10740,2600,20,1.2,1.8,15.8,24,22.8,-63,-12,31
Suburban,2463,2100,20,4.9,7.0,16.0,17,10.0,-70,-10,50
Dense Urban,16883,2600,20,0.3,0.4,19.2,12,26.7,-62,-12,22
Suburban,1509,2100,20,3.8,6.8,14.6,28,14.6,-79,-13,44
Suburban,4452,1900,20,4.8,6.7,15.8,29,12.5,-70,-11,50
Rural,81,700,10,13.5,36.2,12.0,32,8.9,-103,-28,67
Urban,13104,2600,20,1.0,1.6,16.6,18,23.9,-65,-14,25
Suburban,1272,2100,20,2.3,4.5,14.2,18,18.0,-65,-13,25
Rural,212,700,10,14.8,24.4,13.8,30,6.6,-100,-23,75
Rural,197,700,10,15.0,23.1,12.4,29,8.8,-107,-25,78
Urban,13724,2600,20,2.1,2.6,17.5,20,19.7,-64,-7,42
Dense Urban,20154,2600,20,0.7,0.8,17.3,13,22.1,-50,-4,39
Suburban,2458,2100,20,2.5,5.6,14.8,21,19.4,-65,-18,27
Suburban,1144,2100,20,3.7,5.6,15.0,24,13.6,-77,-12,30
Rural,173,850,5,17.1,38.7,14.3,35,5.0,-100,-23,80
Rural,97,850,5,24.2,37.0,11.2,30,2.0,-90,-18,99
Urban,11474,2600,20,2.3,2.8,16.0,23,15.3,-62,-7,50
Suburban,4416,2100,20,4.9,6.9,16.4,23,10.3,-70,-10,50
Urban,7575,2600,20,2.4,3.0,16.5,12,17.2,-63,-7,50
Suburban,3159,2100,20,5.0,6.7,16.5,18,10.8,-71,-10,50
Urban,9541,1900,20,2.1,2.6,16.3,22,17.8,-62,-9,43
Suburban,4817,1900,20,3.9,5.5,16.4,24,12.6,-76,-14,47
Dense Urban,25426,2600,20,0.6,0.8,19.2,12,26.2,-55,-4,40
Urban,6249,1900,20,1.3,2.3,16.4,16,22.8,-64,-12,31
Rural,168,600,5,12.9,21.3,13.6,29,6.0,-108,-27,71
Urban,13720,1900,20,1.2,2.0,15.5,15,19.9,-65,-12,27
Suburban,3511,2100,20,4.0,5.4,15.4,25,12.6,-70,-11,41
Suburban,3264,2100,20,4.6,6.7,16.5,30,10.9,-71,-10,34
Rural,161,850,5,13.3,23.1,13.6,34,8.1,-107,-29,64
Rural,267,850,5,17.9,39.5,13.7,35,5.5,-101,-21,84
Rural,142,700,10,15.5,24.0,14.2,38,7.0,-104,-23,84
Urban,10911,2600,20,1.3,2.0,17.2,14,21.2,-69,-8,32
Urban,8483,2600,20,1.9,2.4,16.1,25,18.9,-65,-9,43
Suburban,2151,1900,20,2.3,3.5,15.9,30,18.9,-83,-13,35
Suburban,4428,2100,20,4.4,5.4,16.0,25,10.9,-72,-10,45
Rural,260,850,5,10.4,29.2,11.6,32,6.3,-108,-30,68
Dense Urban,22692,3500,60,0.5,0.9,18.7,12,24.0,-55,-6,30
Dense Urban,23065,3500,60,0.7,0.9,17.6,10,20.9,-54,-12,24
Suburban,3754,1900,20,3.4,4.9,14.1,16,18.0,-65,-13,26
Rural,214,700,10,11.6,31.5,13.5,29,10.0,-108,-27,73
Rural,191,600,5,15.3,35.4,12.6,32,5.1,-103,-23,88
Suburban,1815,2100,20,2.4,3.0,14.0,15,19.6,-65,-17,25
Urban,6421,2600,20,0.6,2.7,16.9,21,25.0,-75,-13,31
Dense Urban,36336,2600,20,0.7,0.8,17.6,10,23.0,-50,-4,36
Suburban,3896,2100,20,3.3,4.2,15.2,29,14.7,-74,-18,42
Rural,91,850,5,11.9,29.1,12.5,26,5.6,-105,-25,70
Urban,10311,1900,20,1.7,2.1,17.0,15,20.5,-71,-8,36
Suburban,2348,1900,20,3.0,6.5,16.1,28,16.3,-84,-18,34
Rural,178,850,5,25.0,37.7,13.7,34,2.6,-90,-18,100
Dense Urban,28965,3500,60,0.3,0.4,17.3,8,26.7,-59,-12,18
Suburban,4052,1900,20,3.0,6.1,15.7,29,15.7,-82,-17,42
Urban,14916,2600,20,1.9,2.7,17.6,23,16.6,-66,-8,46
Urban,12410,1900,20,2.3,3.0,17.3,19,15.8,-60,-7,47
Dense Urban,33142,3500,60,0.4,0.8,19.5,9,22.6,-57,-12,18
Suburban,1011,2100,20,2.5,6.5,15.8,24,18.5,-65,-17,25
Suburban,3860,1900,20,2.3,4.5,14.8,25,19.3,-65,-18,27
Suburban,4659,2100,20,4.4,5.5,15.2,27,13.1,-74,-13,35
Dense Urban,24664,2600,20,0.7,0.9,18.5,14,23.3,-50,-5,37
Dense Urban,20691,3500,60,0.8,0.9,19.2,15,21.7,-50,-6,31
Rural,106,600,5,23.7,33.7,14.0,30,2.5,-90,-20,100
Suburban,2513,2100,20,4.1,6.0,15.0,19,13.4,-72,-12,40
Urban,13484,1900,20,0.8,1.3,16.2,14,23.4,-69,-9,33
Rural,79,850,5,18.1,27.8,13.9,39,2.9,-101,-23,83
Dense Urban,22444,2600,20,0.4,0.8,17.2,8,27.4,-58,-12,26
Urban,12018,1900,20,1.6,2.9,17.7,20,19.2,-70,-11,34
Urban,14925,1900,20,1.2,2.5,16.2,21,20.4,-67,-12,35
Urban,9656,1900,20,1.4,2.8,17.4,14,21.1,-73,-9,32
Dense Urban,20790,2600,20,0.6,0.8,18.3,13,20.8,-58,-6,32
Rural,75,850,5,22.0,38.4,12.7,30,4.6,-93,-18,100
Rural,96,850,5,23.5,39.9,11.4,38,2.6,-90,-19,100
Suburban,3733,1900,20,2.3,6.3,15.5,17,20.0,-85,-18,31
Dense Urban,29610,3500,60,0.6,0.8,17.1,7,24.2,-53,-12,25
Urban,5110,2600,20,2.2,2.8,16.2,22,21.0,-62,-7,45
Urban,10120,2600,20,1.3,2.5,17.4,19,18.8,-65,-12,25
Suburban,4519,2100,20,2.6,3.7,16.2,17,18.0,-65,-16,25
Suburban,2334,2100,20,2.1,3.3,15.2,17,20.0,-65,-18,28
Urban,5910,1900,20,1.2,2.4,16.3,15,19.1,-67,-12,33
Urban,5352,2600,20,0.5,1.4,15.5,19,25.0,-65,-12,25
Rural,141,600,5,22.1,30.9,11.8,30,3.7,-90,-19,100
Dense Urban,15874,3500,60,0.6,0.8,18.8,9,24.0,-52,-12,27
Urban,10411,1900,20,1.9,2.8,17.3,23,19.0,-63,-11,40
Urban,8065,2600,20,1.3,1.8,17.5,17,19.7,-75,-11,36
Urban,9615,1900,20,1.7,2.6,16.5,23,17.7,-63,-9,38
Suburban,1931,1900,20,3.4,6.8,15.8,26,14.2,-79,-15,39
Suburban,1631,1900,20,2.6,5.0,14.0,19,19.1,-65,-15,25
Rural,198,600,5,8.4,19.3,12.9,39,8.5,-115,-32,62
Urban,12670,2600,20,0.8,2.9,16.1,17,25.0,-74,-14,33
Rural,102,600,5,15.4,28.2,11.1,34,6.9,-103,-24,80
Suburban,2296,2100,20,2.4,5.8,15.1,30,18.0,-65,-18,28
Urban,7770,2600,20,1.0,2.1,18.0,23,23.9,-65,-12,25
Suburban,2057,2100,20,4.0,6.1,14.2,28,11.4,-71,-11,49
Suburban,2443,1900,20,3.7,5.3,14.2,20,15.0,-78,-17,32
Suburban,3876,2100,20,4.5,6.3,14.2,22,14.4,-72,-10,46
Dense Urban,16949,2600,20,0.2,0.6,19.1,13,28.0,-64,-12,18
Suburban,2036,1900,20,2.4,6.7,15.1,22,20.0,-65,-14,28
Urban,9839,2600,20,1.7,2.1,17.2,24,16.9,-66,-7,47
Rural,126,850,5,9.7,37.7,13.0,35,8.2,-112,-32,57
Urban,7160,1900,20,1.4,1.7,16.3,25,19.5,-68,-13,34
Suburban,4549,2100,20,2.5,6.4,14.7,18,18.0,-65,-18,29
Suburban,4382,2100,20,3.1,6.7,16.0,18,13.0,-77,-14,37
Urban,13744,2600,20,2.5,3.0,17.4,23,15.3,-60,-7,50
Suburban,3060,1900,20,2.3,6.4,16.1,23,19.5,-84,-13,35
Suburban,2669,1900,20,2.4,6.9,15.0,18,19.1,-65,-17,26
Suburban,2203,2100,20,2.2,5.6,14.9,26,18.2,-65,-15,25
Suburban,2621,1900,20,4.8,6.1,15.4,30,10.1,-74,-10,50
Suburban,4580,2100,20,2.1,5.0,14.5,24,20.0,-85,-18,31
Rural,299,600,5,17.5,33.6,13.1,31,3.6,-99,-20,88
Suburban,1782,1900,20,3.2,4.7,14.4,26,14.6,-75,-17,40
Rural,156,600,5,19.0,33.8,12.9,40,3.5,-91,-21,94
Suburban,4444,1900,20,3.4,6.0,15.7,18,15.0,-83,-16,36
Urban,13976,2600,20,0.7,2.9,17.8,24,22.4,-71,-12,33
Urban,11639,1900,20,1.3,1.8,15.8,10,18.9,-71,-11,34
Suburban,3746,2100,20,4.4,5.3,15.6,17,12.3,-73,-13,45
Suburban,1730,1900,20,3.5,6.5,14.9,30,13.6,-83,-15,44
Dense Urban,26580,3500,60,0.5,0.7,18.4,10,26.0,-60,-12,21
Urban,5789,2600,20,1.0,2.0,15.6,19,23.6,-65,-13,29
Suburban,1565,2100,20,5.0,6.3,14.9,30,10.0,-72,-10,50
Dense Urban,33907,3500,60,0.5,0.7,17.6,15,27.3,-58,-12,27
Dense Urban,31326,3500,60,0.7,0.9,18.8,13,22.9,-50,-4,36
Suburban,4374,2100,20,4.2,6.3,16.1,26,10.7,-72,-13,42
Rural,103,700,10,19.9,32.2,14.1,36,4.6,-90,-24,93
Suburban,2190,2100,20,2.6,4.5,16.3,27,19.0,-83,-15,30
Rural,142,850,5,12.1,15.6,13.2,32,8.1,-107,-28,73
Rural,162,850,5,23.2,32.6,14.4,34,4.0,-90,-18,100
Urban,13621,2600,20,1.0,2.3,17.5,16,19.5,-71,-14,39
Rural,299,700,10,24.3,34.7,13.6,30,2.0,-90,-19,100
Urban,9649,2600,20,1.5,2.0,15.8,19,18.4,-65,-12,29
Rural,247,700,10,23.9,32.5,11.8,30,3.0,-90,-19,100
Suburban,1820,2100,20,2.8,6.5,14.1,25,19.8,-76,-11,37
Urban,11575,2600,20,0.5,0.9,16.0,18,23.9,-65,-12,29
Dense Urban,19722,2600,20,0.2,0.9,19.0,8,30.0,-63,-12,18
Rural,229,850,5,16.6,28.2,14.1,30,8.0,-101,-20,82
Dense Urban,30074,3500,60,0.3,0.7,19.0,7,30.0,-58,-12,16
Rural,119,700,10,10.2,14.8,13.1,25,8.1,-108,-30,55
Rural,60,700,10,15.6,24.2,11.4,30,5.9,-96,-25,79
Suburban,3954,2100,20,3.5,6.1,14.8,27,16.9,-77,-14,34
Rural,208,600,5,15.7,23.1,12.1,32,5.3,-96,-25,81
Rural,79,850,5,20.9,30.4,14.5,32,2.3,-92,-18,96
Rural,256,600,5,8.8,20.3,12.0,40,8.6,-115,-29,61
Urban,8510,2600,20,1.9,2.5,16.2,17,19.5,-64,-8,44
Suburban,4119,2100,20,4.5,6.4,15.5,22,11.0,-76,-10,49
Dense Urban,31849,2600,20,0.5,0.9,19.3,10,24.3,-58,-12,28
Suburban,3631,2100,20,4.2,5.3,14.6,26,14.1,-74,-13,36
Urban,11656,1900,20,2.3,2.9,16.7,24,15.0,-60,-9,50
Suburban,4925,2100,20,3.8,5.6,14.5,15,11.7,-79,-13,44
Suburban,4711,1900,20,3.1,6.1,14.4,20,13.5,-80,-14,44
Suburban,1600,1900,20,4.3,5.3,16.5,18,13.5,-74,-14,35
Rural,252,700,10,11.9,35.4,12.0,29,8.8,-106,-28,66
Rural,226,700,10,16.8,36.6,12.5,32,6.7,-97,-23,74
Dense Urban,31347,3500,60,0.6,0.9,17.2,12,22.9,-50,-12,29
Urban,5830,1900,20,0.9,3.0,17.3,16,23.1,-68,-13,32
Dense Urban,37153,3500,60,0.5,0.9,19.5,11,23.9,-56,-12,22
Rural,231,600,5,10.2,26.9,12.4,27,6.3,-109,-31,58
Suburban,3517,2100,20,2.7,5.3,14.5,20,18.0,-65,-14,29
Rural,62,850,5,21.1,27.4,13.9,31,5.0,-91,-24,100
Urban,13605,1900,20,2.1,2.7,17.6,19,16.7,-63,-8,48
Dense Urban,21840,2600,20,0.8,0.9,18.4,8,20.8,-52,-4,38
Rural,72,700,10,16.1,20.2,14.4,34,6.5,-99,-26,71
Rural,169,600,5,12.4,24.4,14.0,25,10.0,-109,-31,56
Urban,13712,2600,20,2.4,3.0,16.8,16,15.0,-60,-7,40
Urban,8791,1900,20,2.3,2.8,15.8,24,16.7,-64,-7,47
Dense Urban,37291,3500,60,0.6,0.8,19.1,9,23.9,-59,-12,25
Rural,217,600,5,9.6,38.6,14.4,25,5.9,-114,-30,55
Urban,5613,1900,20,0.8,2.1,16.8,24,22.7,-65,-14,25
Urban,12196,2600,20,1.1,1.7,16.1,22,22.2,-68,-12,33
Dense Urban,32996,3500,60,0.8,0.9,17.9,6,20.0,-50,-12,26
Rural,122,700,10,21.2,25.9,13.1,30,2.4,-93,-22,100
Dense Urban,23379,2600,20,0.4,0.7,18.1,12,25.8,-59,-12,19
Urban,14597,2600,20,1.0,2.4,16.2,19,25.0,-69,-11,40
Suburban,2626,2100,20,2.0,4.5,16.1,15,20.0,-65,-18,25
Suburban,2685,2100,20,4.2,6.5,14.1,24,13.5,-74,-12,37
Rural,109,850,5,14.9,25.7,13.8,34,6.3,-107,-24,82
Urban,11804,2600,20,0.6,1.2,17.8,13,25.0,-65,-13,25
Suburban,4460,1900,20,4.4,6.1,14.5,24,13.7,-73,-13,34
Dense Urban,18098,2600,20,0.7,0.9,17.7,14,22.6,-55,-6,35
Urban,10807,1900,20,2.0,2.6,16.3,23,16.9,-68,-7,48
Dense Urban,35545,2600,20,0.7,0.9,19.0,10,21.2,-52,-5,34
Urban,14232,2600,20,1.1,1.5,16.4,14,21.6,-66,-9,47
Urban,9589,2600,20,0.9,2.1,16.9,19,23.4,-65,-12,28
Rural,180,600,5,18.2,24.0,11.2,36,3.7,-94,-24,95
Dense Urban,15594,2600,20,0.6,0.8,18.1,6,23.5,-61,-6,32
Urban,5909,2600,20,0.5,2.9,16.7,25,22.7,-65,-14,25
Urban,8377,2600,20,1.4,2.4,16.1,13,19.1,-68,-12,33
Rural,165,850,5,23.5,34.1,14.4,36,2.0,-93,-21,100
Rural,186,600,5,12.4,20.6,12.7,29,7.0,-106,-29,70
